{"cameraMode":{"drawMode":0,"name":"Shaded","section":"Shading Mode"},"sceneLighting":true,"audioPlay":false,"sceneViewState":{"m_AlwaysRefresh":false,"showFog":true,"showSkybox":true,"showFlares":true,"showImageEffects":true,"showParticleSystems":true,"showVisualEffectGraphs":true,"m_FxEnabled":true},"in2DMode":false,"pivot":{"x":-0.12799769639968873,"y":0.10792148113250733,"z":-0.46317875385284426},"rotation":{"x":-0.009584878571331501,"y":0.9741494655609131,"z":-0.2217388153076172,"w":-0.04210853949189186},"size":1.000388264656067,"orthographic":false}